sample-id	barcode-sequence	seagrass	month	site	dist_from_shore
#q2:types	categorical	categorical	categorical	categorical	numeric
12-22-20-gg-g1	TCGTGGAGCG	grass	december	golden_gardens	1
12-22-20-gg-g2	CTACAAGATA	grass	december	golden_gardens	20
12-22-20-gg-g3	TATAGTAGCT	grass	december	golden_gardens	40
12-22-20-gg-g4	TGCCTGGTGG	grass	december	golden_gardens	60
12-22-20-gg-g5	ACATTATCCT	grass	december	golden_gardens	80
12-22-20-gg-ng1	GTCCACTTGT	none	december	golden_gardens	1
12-22-20-gg-ng2	TGGAACAGTA	none	december	golden_gardens	20
12-22-20-gg-ng3	CCTTGTTAAT	none	december	golden_gardens	40
12-22-20-gg-ng4	GTTGATAGTG	none	december	golden_gardens	60
12-22-20-gg-ng5	ACCAGCGACA	none	december	golden_gardens	80
12-16-20-alki-g1	CATACACTGT	grass	december	alki	1
12-16-20-alki-g2	GTGTGGCGCT	grass	december	alki	20
12-16-20-alki-g3	ATCACGAAGG	grass	december	alki	40
12-16-20-alki-g4	CGGCTCTACT	grass	december	alki	60
12-16-20-alki-g5	GAATGCACGA	grass	december	alki	80
12-16-20-alki-ng1	AAGACTATAG	none	december	alki	1
12-16-20-alki-ng2	TCGGCAGCAA	none	december	alki	20
12-16-20-alki-ng3	CTAATGATGG	none	december	alki	40
12-16-20-alki-ng4	GGTTGCCTCT	none	december	alki	60
12-16-20-alki-ng5	CGCACATGGC	none	december	alki	80
12-18-20-sc-g1	GGCCTGTCCT	grass	december	smiths_cove	1
12-18-20-sc-g2	CTGTGTTAGG	grass	december	smiths_cove	20
12-18-20-sc-g3	TAAGGAACGT	grass	december	smiths_cove	40
12-18-20-sc-g4	CTAACTGTAA	grass	december	smiths_cove	60
12-18-20-sc-g5	GGCGAGATGG	grass	december	smiths_cove	80
12-18-20-sc-ng1	AATAGAGCAA	none	december	smiths_cove	1
12-18-20-sc-ng2	TCAATCCATT	none	december	smiths_cove	20
12-18-20-sc-ng3	TCGTATGCGG	none	december	smiths_cove	40
12-18-20-sc-ng4	TCCGACCTCG	none	december	smiths_cove	60
12-18-20-sc-ng5	CTTATGGAAT	none	december	smiths_cove	80
8-25-alki-g1	GCTTACGGAC	grass	august	alki	1
8-25-alki-g2	GAACATACGG	grass	august	alki	20
8-25-alki-g3	GTCGATTACA	grass	august	alki	40
8-25-alki-g4	ACTAGCCGTG	grass	august	alki	60
8-25-alki-g5	AAGTTGGTGA	grass	august	alki	80
8-25-alki-ng1	TGGCAATATT	none	august	alki	1
8-25-alki-ng2	GATCACCGCG	none	august	alki	20
8-25-alki-ng3	TACCATCCGT	none	august	alki	40
8-25-alki-ng4	GCTGTAGGAA	none	august	alki	60
8-25-alki-ng5	CGCACTAATG	none	august	alki	80
8-25-sc-g1	GACAACTGAA	grass	august	smiths_cove	1
8-25-sc-g2	AGTGGTCAGG	grass	august	smiths_cove	20
8-25-sc-g3	TTCTATGGTT	grass	august	smiths_cove	40
8-25-sc-g4	AATCCGGCCA	grass	august	smiths_cove	60
8-25-sc-g5	CCATAAGGTT	grass	august	smiths_cove	80
8-25-sc-ng1	ATCTCTACCA	none	august	smiths_cove	1
8-25-sc-ng2	CGGTGGCGAA	none	august	smiths_cove	20
8-25-sc-ng3	TAACAATAGG	none	august	smiths_cove	40
8-25-sc-ng4	CTGGTACACG	none	august	smiths_cove	60
8-25-sc-ng5	TCAACGTGTA	none	august	smiths_cove	80
8-21-gg-g1	ACTGTTGTGA	grass	august	golden_gardens	1
8-21-gg-g2	GTGCGTCCTT	grass	august	golden_gardens	20
8-21-gg-g3	AGCACATCCT	grass	august	golden_gardens	40
8-21-gg-g4	TTCCGTCGCA	grass	august	golden_gardens	60
8-21-gg-g5	CTTAACCACT	grass	august	golden_gardens	80
8-21-gg-ng1	GCCTCGGATA	none	august	golden_gardens	1
8-21-gg-ng2	CGTCGACTGG	none	august	golden_gardens	20
8-21-gg-ng3	TACTAGTCAA	none	august	golden_gardens	40
8-21-gg-ng4	ATAGACCGTT	none	august	golden_gardens	60
8-21-gg-ng5	ACAGTTCCAG	none	august	golden_gardens	80
12.22.20.gg.g6	CTAGTTAC	grass	december	golden_gardens	100
12.22.20.gg.ng6	CTGGAAGA	none	december	golden_gardens	100
12.16.2020.alki.g6	CTTGCGAA	grass	december	alki	100
12.16.2020.alki.ng6	CTATTGGA	none	december	alki	100
12.18.20.sc.g6	CTCCGGCG	grass	december	smiths_cove	100
12.18.20.sc.ng6	CTAGTCTT	none	december	smiths_cove	100
8.21.gg.g6	CTTTGGTT	grass	august	golden_gardens	100
8.21.gg.ng6	CTCGATTA	none	august	golden_gardens	100
8.25.alki.g6	CTTTCCTA	grass	august	alki	100
8.25.alki.ng6	CTCCTCTC	none	august	alki	100
8.25.sc.g6	CTGCATCT	grass	august	smiths_cove	100
8.25.sc.ng6	CTCATGTG	none	august	smiths_cove	100
11.13.alki.g1	CTCTTTCC	grass	november	alki	1
11.13.alki.g2	CTAACTGA	grass	november	alki	20
11.13.alki.g3	CTAGAACT	grass	november	alki	40
11.13.alki.g4	CTCAGCAG	grass	november	alki	60
11.13.alki.g5	CTCTCCGG	grass	november	alki	80
11.13.alki.g6	CTTCAACA	grass	november	alki	100
11.13.alki.ng1	CTGGCGCC	none	november	alki	1
11.13.alki.ng2	CTGATAGG	none	november	alki	20
11.13.alki.ng3	CTATAGTG	none	november	alki	40
11.13.alki.ng4	CTGGGCGG	none	november	alki	60
11.13.alki.ng5	CTAAGTCC	none	november	alki	80
11.13.alki.ng6	CTTGAATC	none	november	alki	100
11.18.gg.g1	CTAACCCG	grass	november	golden_gardens	1
11.18.gg.g2	CTCCCTAT	grass	november	golden_gardens	20
11.18.gg.g3	CTATGAAA	grass	november	golden_gardens	40
11.18.gg.g4	CTACGCTG	grass	november	golden_gardens	60
11.18.gg.g5	CTCTAAGT	grass	november	golden_gardens	80
11.18.gg.g6	CTGCAGAA	grass	november	golden_gardens	100
11.18.gg.ng1	CTGTTAAT	none	november	golden_gardens	1
11.18.gg.ng2	CTGAACAT	none	november	golden_gardens	20
11.18.gg.ng3	CTTCCGGC	none	november	golden_gardens	40
11.18.gg.ng4	CTGTCCAC	none	november	golden_gardens	60
11.18.gg.ng5	CTTGTTGT	none	november	golden_gardens	80
11.18.gg.ng6	CTCCAATG	none	november	golden_gardens	100
11.25.sc.g1	CTTTATAT	grass	november	smiths_cove	1
11.25.sc.g2	CTCGCACG	grass	november	smiths_cove	20
11.25.sc.g3	CTTACAAT	grass	november	smiths_cove	40
11.25.sc.g4	CTGAAACC	grass	november	smiths_cove	60
11.25.sc.g5	CTGTTGCG	grass	november	smiths_cove	80
11.25.sc.g6	CTCCGCGT	grass	november	smiths_cove	100
11.25.sc.ng1	CTCAGTTT	none	november	smiths_cove	1
11.25.sc.ng2	CTTCTTAG	none	november	smiths_cove	20
11.25.sc.ng3	CTGTGTGT	none	november	smiths_cove	40
11.25.sc.ng4	CTAGGGTA	none	november	smiths_cove	60
11.25.sc.ng5	CTACAGGT	none	november	smiths_cove	80
11.25.sc.ng6	CTTAACGA	none	november	smiths_cove	100
3.17.alki.g1	CTGCGATT	grass	march	alki	1
3.17.alki.g2	CTGCCAAG	grass	march	alki	20
3.17.alki.g3	CTATACCC	grass	march	alki	40
3.17.alki.g4	CTTCACTT	grass	march	alki	60
3.17.alki.g5	CTTAATCG	grass	march	alki	80
3.17.alki.g6	CTTATATA	grass	march	alki	100
3.17.alki.ng1	CTAACGTC	none	march	alki	1
3.17.alki.ng2	CTCACGCA	none	march	alki	20
3.17.alki.ng3	CTGGTTCA	none	march	alki	40
3.17.alki.ng4	CTAGCCGC	none	march	alki	60
3.17.alki.ng5	CTCGTGCT	none	march	alki	80
3.17.alki.ng6	CTGCTCGA	none	march	alki	100
3.17.sc.g1	CTGATAGC	grass	march	smiths_cove	1
3.17.sc.g2	CTGCCGCC	grass	march	smiths_cove	20
3.17.sc.g3	CTGCGAGG	grass	march	smiths_cove	40
3.17.sc.g4	CTGCGGTG	grass	march	smiths_cove	60
3.17.sc.g5	CTGCGTTG	grass	march	smiths_cove	80
3.17.sc.g6	CTGCTGGG	grass	march	smiths_cove	100
3.17.sc.ng1	CTGCTTAC	none	march	smiths_cove	1
3.17.sc.ng2	CTGGAAGT	none	march	smiths_cove	20
3.17.sc.ng3	CTGGACTG	none	march	smiths_cove	40
3.17.sc.ng4	CTGGATCC	none	march	smiths_cove	60
3.17.sc.ng5	CTGGTATT	none	march	smiths_cove	80
3.17.sc.ng6	CTGGTGTG	none	march	smiths_cove	100
3.19.gg.g1	CTGTCCAA	grass	march	golden_gardens	1
3.19.gg.g2	CTGTCGGT	grass	march	golden_gardens	20
3.19.gg.g3	CTGTGCCT	grass	march	golden_gardens	40
3.19.gg.g4	CTGTGGCC	grass	march	golden_gardens	60
3.19.gg.g5	CTGTTACG	grass	march	golden_gardens	80
3.16.gg.g6	CTTAATCT	grass	march	golden_gardens	100
3.19.gg.ng1	CTTAGAAA	none	march	golden_gardens	1
3.19.gg.ng2	CTTAGGGA	none	march	golden_gardens	20
3.19.gg.ng3	CTTAGGTA	none	march	golden_gardens	40
3.19.gg.ng4	CTTCGTAT	none	march	golden_gardens	60
3.19.gg.ng5	CTTCTCCA	none	march	golden_gardens	80
3.19.gg.ng6	CTTCTGCG	none	march	golden_gardens	100